<?xml version="1.0" encoding="utf-8"?><!DOCTYPE nta PUBLIC '-//Uppaal Team//DTD Flat System 1.1//EN' 'http://www.it.uu.se/research/group/darts/uppaal/flat-1_1.dtd'><nta><declaration>// Place global declarations here.

// Channels between the customer Eric and the ATM 
chan bank_card,      
     request, // request for 10 euro by Eric to the ATM
     cash,
     no_money,
     give_money,
     deposit_money;

// Channels between the ATM and the bank 
chan ask_permission, // request to pay out 10 euro 
     OK, 
     not_OK,
     add_balance;</declaration><template><name x="5" y="5">Eric</name><declaration>
int cash_in_pocket=0;  // cash in Eric's pocket</declaration><location id="id0" x="-216" y="-48"></location><location id="id1" x="88" y="-48"></location><location id="id2" x="72" y="-216"></location><location id="id3" x="-88" y="-280"><name x="-120" y="-320">IS_AT_ATM</name></location><location id="id4" x="-216" y="-168"><name x="-240" y="-208">READY</name></location><init ref="id4"/><transition><source ref="id2"/><target ref="id0"/><label kind="guard" x="-144" y="-192">cash_in_pocket &gt;= 10</label><label kind="synchronisation" x="-144" y="-176">deposit_money!</label><label kind="assignment" x="-176" y="-160">cash_in_pocket = cash_in_pocket - 10</label><nail x="-64" y="-144"/></transition><transition><source ref="id1"/><target ref="id0"/><label kind="synchronisation" x="-120" y="120">no_money?</label><nail x="-88" y="112"/></transition><transition><source ref="id0"/><target ref="id4"/><label kind="synchronisation" x="-208" y="-120">bank_card?</label></transition><transition><source ref="id1"/><target ref="id0"/><label kind="synchronisation" x="-96" y="-72">cash?</label><label kind="assignment" x="-192" y="-48">cash_in_pocket=cash_in_pocket+10</label></transition><transition><source ref="id2"/><target ref="id1"/><label kind="synchronisation" x="120" y="-136">request!</label><nail x="104" y="-128"/><nail x="104" y="-120"/></transition><transition><source ref="id3"/><target ref="id2"/><label kind="synchronisation" x="0" y="-264">bank_card!</label></transition><transition><source ref="id4"/><target ref="id3"/></transition></template><template><name>ATM</name><declaration>
int in_till = 30; // amount of cash in the ATM's till</declaration><location id="id5" x="-304" y="-144"></location><location id="id6" x="200" y="-152"></location><location id="id7" x="-184" y="64"><name x="-240" y="80">ALMOST_READY</name></location><location id="id8" x="-8" y="24"></location><location id="id9" x="264" y="24"></location><location id="id10" x="264" y="-88"></location><location id="id11" x="120" y="136"></location><location id="id12" x="-40" y="176"><name x="-96" y="192">READY_TO_PAY_OUT</name></location><location id="id13" x="40" y="-152"></location><location id="id14" x="-144" y="-64"><name x="-154" y="-94">READY</name></location><init ref="id14"/><transition><source ref="id5"/><target ref="id7"/><label kind="synchronisation" x="-336" y="-48">add_balance!</label></transition><transition><source ref="id13"/><target ref="id5"/><label kind="synchronisation" x="-184" y="-168">deposit_money?</label><label kind="assignment" x="-184" y="-144">in_till := in_till + 10</label></transition><transition><source ref="id11"/><target ref="id12"/><label kind="synchronisation" x="0" y="128">give_money?</label></transition><transition><source ref="id6"/><target ref="id10"/><label kind="guard" x="232" y="-144">in_till &gt;= 10</label></transition><transition><source ref="id6"/><target ref="id8"/><label kind="guard" x="36" y="-94">in_till &lt; 10</label></transition><transition><source ref="id8"/><target ref="id7"/><label kind="synchronisation" x="-136" y="24">no_money!</label></transition><transition><source ref="id7"/><target ref="id14"/><label kind="synchronisation" x="-160" y="-16">bank_card!</label></transition><transition><source ref="id9"/><target ref="id8"/><label kind="synchronisation" x="64" y="0">not_OK?</label></transition><transition><source ref="id12"/><target ref="id7"/><label kind="synchronisation" x="-104" y="112">cash!</label><label kind="assignment" x="-200" y="144">in_till := in_till -10</label><nail x="-120" y="128"/></transition><transition><source ref="id9"/><target ref="id11"/><label kind="synchronisation" x="192" y="88">OK?</label></transition><transition><source ref="id10"/><target ref="id9"/><label kind="synchronisation" x="272" y="-48">ask_permission!</label></transition><transition><source ref="id13"/><target ref="id6"/><label kind="synchronisation" x="88" y="-152">request?</label></transition><transition><source ref="id14"/><target ref="id13"/><label kind="synchronisation" x="-80" y="-96">bank_card?</label></transition></template><template><name>Bank</name><declaration>
int balance=80; // balance of Eric's bank account </declaration><location id="id15" x="-144" y="64"></location><location id="id16" x="-216" y="200"></location><location id="id17" x="56" y="200"></location><location id="id18" x="-224" y="-64"><name x="-234" y="-94">READY</name></location><location id="id19" x="64" y="-64"></location><location id="id20" x="0" y="64"></location><init ref="id18"/><transition><source ref="id18"/><target ref="id18"/><label kind="synchronisation" x="-328" y="-144">add_balance?</label><label kind="assignment" x="-416" y="8">balance := balance + 10</label><nail x="-368" y="-144"/><nail x="-368" y="8"/></transition><transition><source ref="id15"/><target ref="id18"/></transition><transition><source ref="id16"/><target ref="id18"/><label kind="synchronisation" x="-216" y="96">give_money!</label><label kind="assignment" x="-368" y="56">balance := balance - 10</label></transition><transition><source ref="id20"/><target ref="id15"/><label kind="synchronisation" x="-112" y="40">not_OK!</label></transition><transition><source ref="id17"/><target ref="id16"/><label kind="synchronisation" x="-112" y="176">OK!</label></transition><transition><source ref="id19"/><target ref="id17"/><label kind="guard" x="64" y="80">balance &gt;= 10</label></transition><transition><source ref="id19"/><target ref="id20"/><label kind="guard" x="-56" y="-32">balance &lt; 10</label></transition><transition><source ref="id18"/><target ref="id19"/><label kind="synchronisation" x="-144" y="-88">ask_permission?</label></transition></template><system>

// The system consists of Eric, an ATM, and a Back.

// There is only interaction between Eric and the ATM 
// and between the ATM and the Bank. 

system Eric, Bank, ATM;

</system></nta>